graph_id,src,dst
8485,4556,4001
8486,4557,4002
8487,4558,4003
8488,4559,4004
8489,4560,4005
8490,4561,4006
8491,4562,4007
8492,4563,4008
8493,4564,4009
8494,4565,4010
8495,4566,4011
8496,4567,4012
8497,4568,4013
8498,4569,4014
8499,4570,4015
8500,4571,4016
8501,4572,4017
8502,4573,4018
8503,4574,4019
8504,4575,4020
8505,4576,4021
8506,4577,4022
8507,4578,4023
8508,4579,4024
8509,4580,4025
8510,4581,4026
8511,4582,4027
8512,4583,4028
8513,4584,4029
8514,4585,4030
8515,4586,4031
8516,4587,4032
8517,4588,4033
8518,4589,4034
8519,4590,4035
8520,4591,4036
8521,4592,4037
8522,4593,4038
8523,4594,4039
8524,4595,4040
8525,4596,4041
8526,4597,4042
8527,4598,4043
8528,4599,4044
8529,4600,4045
8530,4601,4046
8531,4602,4047
8532,4603,4048
8533,4604,4049
8534,4605,4050
8535,4606,4051
8536,4607,4052
8537,4608,4053
8538,4609,4054
8539,4610,4055
8540,4611,4056
8541,4612,4057
8542,4613,4058
8543,4614,4059
8544,4615,4060
8545,4616,4061
8546,4617,4062
8547,4618,4063
8548,4619,4064
8549,4620,4065
8550,4621,4066
8551,4622,4067
8552,4623,4068
8553,4624,4069
8554,4625,4070
8555,4626,4071
8556,4627,4072
8557,4628,4073
8558,4629,4074
8559,4630,4075
8560,4631,4076
8561,4632,4077
8562,4633,4078
8563,4634,4079
8564,4635,4080
8565,4636,4081
8566,4637,4082
8567,4638,4083
8568,4639,4084
8569,4640,4085
8570,4641,4086
8571,4642,4087
8572,4643,4088
8573,4644,4089
8574,4645,4090
8575,4646,4091
8576,4647,4092
8577,4648,4093
8578,4649,4094
8579,4650,4095
8580,4651,4096
8581,4652,4097
8582,4653,4098
8583,4654,4099
8584,4655,4100
8585,4656,4101
8586,4657,4102
8587,4658,4103
8588,4659,4104
8589,4660,4105
8590,4661,4106
8591,4662,4107
8592,4663,4108
8593,4664,4109
8594,4665,4110
8595,4666,4111
8596,4667,4112
8597,4668,4113
8598,4669,4114
8599,4670,4115
8600,4671,4116
8601,4672,4117
8602,4673,4118
8603,4674,4119
8604,4675,4120
8605,4676,4121
8606,4677,4122
8607,4678,4123
8608,4679,4124
8609,4680,4125
8610,4681,4126
8611,4682,4127
8612,4683,4128
8613,4684,4129
8614,4685,4130
8615,4686,4131
8616,4687,4132
8617,4688,4133
8618,4689,4134
8619,4690,4135
8620,4691,4136
8621,4692,4137
8622,4693,4138
8623,4694,4139
8624,4695,4140
8625,4696,4141
8626,4697,4142
8627,4698,4143
8628,4699,4144
8629,4700,4145
8630,4701,4146
8631,4702,4147
8632,4703,4148
8633,4704,4149
8634,4705,4150
8635,4706,4151
8636,4707,4152
8637,4708,4153
8638,4709,4154
8639,4710,4155
8640,4711,4156
8641,4712,4157
8642,4713,4158
8643,4714,4159
8644,4715,4160
8645,4716,4161
8646,4717,4162
8647,4718,4163
8648,4719,4164
8649,4720,4165
8650,4721,4166
8651,4722,4167
8652,4723,4168
8653,4724,4169
8654,4725,4170
8655,4726,4171
8656,4727,4172
8657,4728,4173
8658,4729,4174
8659,4730,4175
8660,4731,4176
8661,4732,4177
8662,4733,4178
8663,4734,4179
8664,4735,4180
8665,4736,4181
8666,4737,4182
8667,4738,4183
8668,4739,4184
8669,4740,4185
8670,4741,4186
8671,4742,4187
8672,4743,4188
8673,4744,4189
8674,4745,4190
8675,4746,4191
8676,4747,4192
8677,4748,4193
8678,4749,4194
8679,4750,4195
8680,4751,4196
8681,4752,4197
8682,4753,4198
8683,4754,4199
8684,4755,4200
8685,4756,4201
8686,4757,4202
8687,4758,4203
8688,4759,4204
8689,4760,4205
8690,4761,4206
8691,4762,4207
8692,4763,4208
8693,4764,4209
8694,4765,4210
8695,4766,4211
8696,4767,4212
8697,4768,4213
8698,4769,4214
8699,4770,4215
8700,4771,4216
8701,4772,4217
8702,4773,4218
8703,4774,4219
8704,4775,4220
8705,4776,4221
8706,4777,4222
8707,4778,4223
8708,4779,4224
8709,4780,4225
8710,4781,4226
8711,4782,4227
8712,4783,4228
8713,4784,4229
8714,4785,4230
8715,4786,4231
8716,4787,4232
8717,4788,4233
8718,4789,4234
8719,4790,4235
8720,4791,4236
8721,4792,4237
8722,4793,4238
8723,4794,4239
8724,4795,4240
8725,4796,4241
8726,4797,4242
8727,4798,4243
8728,4799,4244
8729,4800,4245
8730,4801,4246
8731,4802,4247
8732,4803,4248
8733,4804,4249
8734,4805,4250
8735,4806,4251
8736,4807,4252
8737,4808,4253
8738,4809,4254
8739,4810,4255
8740,4811,4256
8741,4812,4257
8742,4813,4258
8743,4814,4259
8744,4815,4260
8745,4816,4261
8746,4817,4262
8747,4818,4263
8748,4819,4264
8749,4820,4265
8750,4821,4266
8751,4822,4267
8752,4823,4268
8753,4824,4269
8754,4825,4270
8755,4826,4271
8756,4827,4272
8757,4828,4273
8758,4829,4274
8759,4830,4275
8760,4831,4276
8761,4832,4277
8762,4833,4278
8763,4834,4279
8764,4835,4280
8765,4836,4281
8766,4837,4282
8767,4838,4283
8768,4839,4284
8769,4840,4285
8770,4841,4286
8771,4842,4287
8772,4843,4288
8773,4844,4289
8774,4845,4290
8775,4846,4291
8776,4847,4292
8777,4848,4293
8778,4849,4294
8779,4850,4295
8780,4851,4296
8781,4852,4297
8782,4853,4298
8783,4854,4299
8784,4855,4300
8785,4856,4301
8786,4857,4302
8787,4858,4303
8788,4859,4304
8789,4860,4305
8790,4861,4306
8791,4862,4307
8792,4863,4308
8793,4864,4309
8794,4865,4310
8795,4866,4311
8796,4867,4312
8797,4868,4313
8798,4869,4314
8799,4870,4315
8800,4871,4316
8801,4872,4317
8802,4873,4318
8803,4874,4319
8804,4875,4320
8805,4876,4321
8806,4877,4322
8807,4878,4323
8808,4879,4324
8809,4880,4325
8810,4881,4326
8811,4882,4327
8812,4883,4328
8813,4884,4329
8814,4885,4330
8815,4886,4331
8816,4887,4332
8817,4888,4333
8818,4889,4334
8819,4890,4335
8820,4891,4336
8821,4892,4337
8822,4893,4338
8823,4894,4339
8824,4895,4340
8825,4896,4341
8826,4897,4342
8827,4898,4343
8828,4899,4344
8829,4900,4345
8830,4901,4346
8831,4902,4347
8832,4903,4348
8833,4904,4349
8834,4905,4350
8835,4906,4351
8836,4907,4352
8837,4908,4353
8838,4909,4354
8839,4910,4355
8840,4911,4356
8841,4912,4357
8842,4913,4358
8843,4914,4359
8844,4915,4360
8845,4916,4361
8846,4917,4362
8847,4918,4363
8848,4919,4364
8849,4920,4365
8850,4921,4366
8851,4922,4367
8852,4923,4368
8853,4924,4369
8854,4925,4370
8855,4926,4371
8856,4927,4372
8857,4928,4373
8858,4929,4374
8859,4930,4375
8860,4931,4376
8861,4932,4377
8862,4933,4378
8863,4934,4379
8864,4935,4380
8865,4936,4381
8866,4937,4382
8867,4938,4383
8868,4939,4384
8869,4940,4385
8870,4941,4386
8871,4942,4387
8872,4943,4388
8873,4944,4389
8874,4945,4390
8875,4946,4391
8876,4947,4392
8877,4948,4393
8878,4949,4394
8879,4950,4395
8880,4951,4396
8881,4952,4397
8882,4953,4398
8883,4954,4399
8884,4955,4400
8885,4956,4401
8886,4957,4402
8887,4958,4403
8888,4959,4404
8889,4960,4405
8890,4961,4406
8891,4962,4407
8892,4963,4408
8893,4964,4409
8894,4965,4410
8895,4966,4411
8896,4967,4412
8897,4968,4413
8898,4969,4414
8899,4970,4415
8900,4971,4416
8901,4972,4417
8902,4973,4418
8903,4974,4419
8904,4975,4420
8905,4976,4421
8906,4977,4422
8907,4978,4423
8908,4979,4424
8909,4980,4425
8910,4981,4426
8911,4982,4427
8912,4983,4428
8913,4984,4429
8914,4985,4430
8915,4986,4431
8916,4987,4432
8917,4988,4433
8918,4989,4434
8919,4990,4435
8920,4991,4436
8921,4992,4437
8922,4993,4438
8923,4994,4439
8924,4995,4440
8925,4996,4441
8926,4997,4442
8927,4998,4443
8928,4999,4444
8929,5000,4445
